Date,Days_After_Sowing,NDVI_Interpolated,NDVI_Lower_CI,NDVI_Upper_CI,FVC_Interpolated,FVC_Lower_CI,FVC_Upper_CI,Ground_Cover_Percentage,Ground_Cover_Lower_CI,Ground_Cover_Upper_CI,Growth_Stage,Sowing_Date,Harvest_Date,temperature_2m,temperature_min,temperature_max,precipitation,humidity,pressure,wind_speed,cloud_cover,gdd_daily,gdd_cumulative
29/10/2024,0,0.051166204,0.041166204,0.091216204,0,0,0,0,0,0,Sowing,29/10/2024,09/08/2025,11.6,8.4,17.3,0,92,1026.7,7.3,48,12.85,12.85
30/10/2024,1,0.051313469,0.041313469,0.091363469,0,0,0,0,0,0,Sowing,29/10/2024,09/08/2025,10,6.9,13.9,0,94,1028,5.4,88,10.4,23.25
31/10/2024,2,0.051585473,0.041585473,0.091635473,0,0,0,0,0,0,Sowing,29/10/2024,09/08/2025,8.7,5.1,12.9,0,93,1028.6,4.4,96,9,32.25
01/11/2024,3,0.051961879,0.041961879,0.092011879,0,0,0,0,0,0,Sowing,29/10/2024,09/08/2025,8.3,5.5,12.1,0,93,1026.2,7.1,59,8.8,41.05
02/11/2024,4,0.052441354,0.042441354,0.092491354,0,0,0,0,0,0,Sowing,29/10/2024,09/08/2025,8.2,6.3,10,0,89,1029.8,7.1,99,8.15,49.2
03/11/2024,5,0.053037667,0.043037667,0.093087667,0,0,0,0,0,0,Emergence,29/10/2024,09/08/2025,7.8,4.3,11.5,0,84,1030.8,8,78,7.9,57.1
04/11/2024,6,0.053759745,0.043759745,0.093809745,0,0,0,0,0,0,Emergence,29/10/2024,09/08/2025,4.7,0.7,10.1,0,88,1029.5,8.2,10,5.4,62.5
05/11/2024,7,0.054573108,0.044573108,0.094623108,0,0,0,0,0,0,Emergence,29/10/2024,09/08/2025,4.2,1.8,7.9,0,91,1027.4,8.6,70,4.85,67.35
06/11/2024,8,0.055387134,0.045387134,0.095437134,0,0,0,0,0,0,Emergence,29/10/2024,09/08/2025,6.3,2.7,10.6,0,93,1029.9,6.1,91,6.65,74
07/11/2024,9,0.056194859,0.046194859,0.096244859,0,0,0,0,0,0,Emergence,29/10/2024,09/08/2025,6,4.3,7.6,0,89,1032.4,6.9,100,5.95,79.95
08/11/2024,10,0.057265146,0.047265146,0.097315146,0,0,0,0,0,0,Emergence,29/10/2024,09/08/2025,5.6,2.7,7.3,0,89,1029.2,8.6,88,5,84.95
09/11/2024,11,0.05896374,0.04896374,0.09901374,0,0,0,0,0,0,Emergence,29/10/2024,09/08/2025,3.9,0.5,9.3,0,92,1027.9,6.3,47,4.9,89.85
10/11/2024,12,0.061337601,0.051337601,0.101387601,0,0,0,0,0,0,Emergence,29/10/2024,09/08/2025,2.8,-0.1,7.8,0,93,1028.7,4.2,41,3.85,93.7
11/11/2024,13,0.064118468,0.054118468,0.104168468,0,0,0,0,0,0,Emergence,29/10/2024,09/08/2025,4.2,-0.1,6.9,5.6,93,1029.1,4.9,100,3.4,97.1
12/11/2024,14,0.067047568,0.057047568,0.107097568,0,0,0,0,0,0,Emergence,29/10/2024,09/08/2025,3.5,1.1,5,1.1,89,1029.4,10,99,3.05,100.15
13/11/2024,15,0.070011417,0.060011417,0.110061417,0,0,0,0,0,0,Emergence,29/10/2024,09/08/2025,1.5,-0.4,3.2,1,91,1031.4,7.1,100,1.4,101.55
14/11/2024,16,0.072982018,0.062982018,0.113032018,0,0,0,0,0,0,Emergence,29/10/2024,09/08/2025,3.3,2.2,4.4,1.6,96,1028.8,10.4,100,3.3,104.85
15/11/2024,17,0.075955269,0.065955269,0.116005269,0,0,0,0,0,0,Emergence,29/10/2024,09/08/2025,5.1,2.3,7.3,0.8,92,1027.7,4,90,4.8,109.65
16/11/2024,18,0.078930791,0.068930791,0.118980791,0,0,0,0,0,0,Emergence,29/10/2024,09/08/2025,1.9,-1,7.7,0,90,1022.1,7.3,14,3.35,113
17/11/2024,19,0.081908626,0.071908626,0.121958626,0,0,0,0,0,0,Emergence,29/10/2024,09/08/2025,3.1,0.7,5.1,1.7,91,1015.7,17.6,100,2.9,115.9
18/11/2024,20,0.08488882,0.07488882,0.12493882,0,0,0,0,0,0,Emergence,29/10/2024,09/08/2025,4.1,2.9,5.3,13.3,95,1013,15.9,98,4.1,120
19/11/2024,21,0.087871416,0.077871416,0.127921416,0,0,0,0,0,0,Emergence,29/10/2024,09/08/2025,7.6,5.4,9.6,12.2,88,1001.3,25.7,100,7.5,127.5
20/11/2024,22,0.090856459,0.080856459,0.130906459,0,0,0,0,0,0,Emergence,29/10/2024,09/08/2025,1.3,-1.1,4.5,9.4,81,1001.9,21.3,68,1.7,129.2
21/11/2024,23,0.093843996,0.083843996,0.133893996,0,0,0,0,0,0,Emergence,29/10/2024,09/08/2025,-0.4,-2.1,1.4,0.9,76,1001.5,14.4,96,0,129.2
22/11/2024,24,0.096834073,0.086834073,0.136884073,0,0,0,0,0,0,Emergence,29/10/2024,09/08/2025,-1.3,-3.6,0.6,0.8,80,1006.2,21.1,74,0,129.2
23/11/2024,25,0.099826737,0.089826737,0.139876737,0,0,0,0,0,0,Emergence,29/10/2024,09/08/2025,1.3,0,3.5,0.3,77,1022.7,17.4,100,1.75,130.95
24/11/2024,26,0.102822038,0.062772038,0.142872038,0,0,0,0,0,0,Emergence,29/10/2024,09/08/2025,8,1.3,14.5,0,65,1019.4,16.8,99,7.9,138.85
25/11/2024,27,0.105820024,0.065770024,0.145870024,0,0,0,0,0,0,Emergence,29/10/2024,09/08/2025,7.8,4.3,12.3,0,70,1014.5,13.8,71,8.3,147.15
26/11/2024,28,0.108820746,0.068770746,0.148870746,0,0,0,0,0,0,Emergence,29/10/2024,09/08/2025,7.3,3.9,9.5,6.6,90,1020.7,12.8,70,6.7,153.85
27/11/2024,29,0.111824254,0.071774254,0.151874254,0,0,0.002677506,0,0,0.267750573,Emergence,29/10/2024,09/08/2025,5.1,1.6,9,0.6,88,1022.2,12,75,5.3,159.15
28/11/2024,30,0.1148306,0.0747806,0.1548806,0,0,0.006972286,0,0,0.697228607,Emergence,29/10/2024,09/08/2025,5.5,2.4,9.5,4.3,83,1023.3,20.9,71,5.95,165.1
29/11/2024,31,0.117839837,0.077789837,0.157889837,0,0,0.011271196,0,0,1.127119612,Emergence,29/10/2024,09/08/2025,2.2,-0.8,4.6,0,87,1033.4,7.4,56,1.9,167
30/11/2024,32,0.120852019,0.080802019,0.160902019,0,0,0.015574312,0,0,1.557431236,Emergence,29/10/2024,09/08/2025,0,-2.6,4.8,0,85,1032.8,8.7,6,1.1,168.1
01/12/2024,33,0.123867199,0.083817199,0.163917199,0,0,0.019881713,0,0,1.988171251,Emergence,29/10/2024,09/08/2025,-1.9,-3.2,1.2,0,91,1028,9.3,43,0,168.1
02/12/2024,34,0.126885433,0.086835433,0.166935433,0,0,0.024193476,0,0,2.41934756,Emergence,29/10/2024,09/08/2025,2.1,-3.1,9.4,5.2,84,1019.7,10.3,77,3.15,171.25
03/12/2024,35,0.129906777,0.089856777,0.169956777,0,0,0.028509682,0,0,2.850968196,Emergence,29/10/2024,09/08/2025,3.8,2.4,5.1,2.4,97,1019.5,13.7,100,3.75,175
04/12/2024,36,0.132931289,0.092881289,0.172981289,0,0,0.032830413,0,0,3.283041324,Emergence,29/10/2024,09/08/2025,0.3,-2.4,2.9,0.2,94,1026.9,6.8,65,0.25,175.25
05/12/2024,37,0.135959027,0.095909027,0.176009027,0,0,0.037155752,0,0,3.715575243,Emergence,29/10/2024,09/08/2025,-0.2,-3.2,3,0.1,83,1025.4,10.4,44,0,175.25
06/12/2024,38,0.138990049,0.098940049,0.179040049,0,0,0.041485784,0,0,4.148578386,Emergence,29/10/2024,09/08/2025,4.5,3,6.5,10.9,84,1011.5,29,97,4.75,180
07/12/2024,39,0.142026493,0.101976493,0.182076493,0,0,0.045823561,0,0,4.582356089,Emergence,29/10/2024,09/08/2025,2.9,0,5.6,5.9,88,1009,15.7,99,2.8,182.8
08/12/2024,40,0.145088155,0.105038155,0.185138155,0,0,0.050197364,0,0,5.0197364,Emergence,29/10/2024,09/08/2025,2.6,-0.1,5,0.8,95,1007.6,9.2,100,2.45,185.25
09/12/2024,41,0.148305664,0.108255664,0.188355664,0,0,0.054793806,0,0,5.479380579,Emergence,29/10/2024,09/08/2025,1.9,1.4,3,0.2,85,1018.8,15.6,100,2.2,187.45
10/12/2024,42,0.152183642,0.112133642,0.192233642,0.003119489,0,0.060333775,0.311948916,0,6.033377488,Emergence,29/10/2024,09/08/2025,1.8,0.7,3,0.2,87,1025.3,13.2,100,1.85,189.3
11/12/2024,43,0.157752899,0.117702899,0.197802899,0.01107557,0,0.068289856,1.107557045,0,6.828985616,Emergence,29/10/2024,09/08/2025,0.9,0.3,1.5,0,89,1029.8,7.4,100,0.9,190.2
12/12/2024,44,0.165677591,0.125627591,0.205727591,0.022396559,0,0.079610845,2.239655909,0,7.96108448,Emergence,29/10/2024,09/08/2025,-0.2,-3,1.9,0,88,1031.7,4.5,87,0,190.2
13/12/2024,45,0.174721113,0.134671113,0.214771113,0.035315876,0,0.092530161,3.531587575,0,9.253016146,Emergence,29/10/2024,09/08/2025,-1.1,-3.2,1.9,0,90,1029.7,9.1,72,0,190.2
14/12/2024,46,0.182385965,0.142335965,0.222435965,0.046265665,0,0.103479951,4.626566497,0,10.34799507,Emergence,29/10/2024,09/08/2025,-0.5,-3.3,3.3,0,88,1023,14.1,78,0,190.2
15/12/2024,47,0.187522763,0.147472763,0.227572763,0.053603947,0,0.110818233,5.360394687,0,11.08182326,Emergence,29/10/2024,09/08/2025,1.4,-0.4,3.3,0.6,89,1029.9,21.5,100,1.45,191.65
16/12/2024,48,0.190894212,0.150844212,0.230944212,0.058420304,0.001206018,0.115634589,5.842030351,0.12060178,11.56345892,Emergence,29/10/2024,09/08/2025,5.9,3.7,7.2,6.8,92,1034.2,21.3,100,5.45,197.1
17/12/2024,49,0.19358778,0.15353778,0.23363778,0.062268257,0.005053971,0.119482543,6.226825692,0.50539712,11.94825426,Tillering,29/10/2024,09/08/2025,5.1,3.9,6.3,0.8,95,1031.4,11.9,100,5.1,202.2
18/12/2024,50,0.196127556,0.156077556,0.236177556,0.065896509,0.008682223,0.123110794,6.589650867,0.868222296,12.31107944,Tillering,29/10/2024,09/08/2025,5.8,2.5,10.2,0,74,1021.7,12.4,83,6.35,208.55
19/12/2024,51,0.19864835,0.15859835,0.23869835,0.069497642,0.012283356,0.126711928,6.94976422,1.228335649,12.67119279,Tillering,29/10/2024,09/08/2025,7.2,2.8,11.1,4.5,86,1006.8,19.9,97,6.95,215.5
20/12/2024,52,0.201170529,0.161120529,0.241220529,0.073100756,0.01588647,0.130315042,7.310075617,1.588647046,13.03150419,Tillering,29/10/2024,09/08/2025,1.3,-0.9,3,0.4,89,1020.2,19.3,82,1.05,216.55
21/12/2024,53,0.203696284,0.163646284,0.243746284,0.076708978,0.019494692,0.133923264,7.670897781,1.949469209,13.39232635,Tillering,29/10/2024,09/08/2025,2.8,-1.1,4.9,1.5,80,1020.8,19,90,1.9,218.45
22/12/2024,54,0.206225678,0.166175678,0.246275678,0.080322397,0.023108111,0.137536683,8.032239699,2.310811127,13.75366827,Tillering,29/10/2024,09/08/2025,2.9,-1,5.8,9.5,92,1005.1,24.5,86,2.4,220.85
23/12/2024,55,0.208758773,0.168708773,0.248808773,0.083941105,0.026726819,0.141155391,8.394110491,2.67268192,14.11553906,Tillering,29/10/2024,09/08/2025,0.4,-0.9,1.7,0.2,89,1013.3,15.2,96,0.4,221.25
24/12/2024,56,0.211295636,0.171245636,0.251345636,0.087565194,0.030350908,0.14477948,8.75651941,3.035090839,14.47794798,Tillering,29/10/2024,09/08/2025,0.4,-1.2,2.7,0,92,1028.3,11.6,82,0.75,222
25/12/2024,57,0.213836331,0.173786331,0.253886331,0.091194758,0.033980473,0.148409044,9.119475841,3.398047269,14.84090441,Tillering,29/10/2024,09/08/2025,0,-2.6,4,0,81,1037.1,6,46,0.7,222.7
26/12/2024,58,0.216380925,0.176330925,0.256430925,0.094829893,0.037615607,0.152044179,9.482989301,3.761560729,15.20441787,Tillering,29/10/2024,09/08/2025,-1.8,-4.1,3.5,0,82,1038.3,6.7,1,0,222.7
27/12/2024,59,0.218929486,0.178879486,0.258979486,0.098470694,0.041256409,0.15568498,9.847069443,4.125640872,15.56849801,Tillering,29/10/2024,09/08/2025,-1.3,-4.3,5.1,0,74,1035.2,6.1,35,0.4,223.1
28/12/2024,60,0.221482082,0.181432082,0.261532082,0.102117261,0.044902975,0.159331546,10.21172606,4.490297484,15.93315463,Tillering,29/10/2024,09/08/2025,-2.6,-5.1,3.4,0,85,1032.2,5.7,22,0,223.1
29/12/2024,61,0.224038783,0.183988783,0.264088783,0.105769691,0.048555405,0.162983976,10.57696906,4.85554049,16.29839763,Tillering,29/10/2024,09/08/2025,-1.9,-4.7,1.6,0,91,1031.7,7.3,54,0,223.1
30/12/2024,62,0.22659966,0.18654966,0.26664966,0.109428085,0.052213799,0.166642371,10.94280852,5.221379949,16.66423709,Tillering,29/10/2024,09/08/2025,-2.3,-5.9,0.1,0,92,1033.6,6.7,71,0,223.1
31/12/2024,63,0.229164782,0.189114782,0.269214782,0.113092546,0.055878261,0.170306832,11.30925463,5.587826056,17.0306832,Tillering,29/10/2024,09/08/2025,-2.4,-6,3.5,0,85,1031.3,6,37,0,223.1
01/01/2025,64,0.231734224,0.191684224,0.271784224,0.116763177,0.059548891,0.173977463,11.67631772,5.954889144,17.39774629,Tillering,29/10/2024,09/08/2025,2.6,-4,8.6,0,58,1023.7,18.1,73,2.3,225.4
02/01/2025,65,0.234308058,0.194258058,0.274358058,0.120440083,0.063225797,0.177654368,12.04400826,6.322579684,17.76543683,Tillering,29/10/2024,09/08/2025,3.6,-1.2,8.4,13.8,72,1014.2,19.3,100,3.6,229
03/01/2025,66,0.236886358,0.196836358,0.276936358,0.124123369,0.066909083,0.181337654,12.41233685,6.690908283,18.13376543,Tillering,29/10/2024,09/08/2025,-1.4,-3.8,-0.5,0,90,1021.3,18.6,84,0,229
04/01/2025,67,0.2394692,0.1994192,0.2795192,0.127813143,0.070598857,0.185027428,12.78131426,7.059885686,18.50274283,Tillering,29/10/2024,09/08/2025,-2.9,-4.1,-0.9,0,86,1022.3,9,95,0,229
05/01/2025,68,0.242056659,0.202006659,0.282106659,0.131509513,0.074295228,0.188723799,13.15095135,7.429522777,18.87237992,Tillering,29/10/2024,09/08/2025,2.3,-2.9,7,13.4,93,1006,15.8,100,2.05,231.05
06/01/2025,69,0.244648814,0.204598814,0.284698814,0.135212591,0.077998306,0.192426877,13.52125915,7.799830575,19.24268772,Tillering,29/10/2024,09/08/2025,6.5,2.6,11.6,2,77,998.4,18.4,88,7.1,238.15
07/01/2025,70,0.247245742,0.207195742,0.287295742,0.138922488,0.081708202,0.196136774,13.89224881,8.170820241,19.61367738,Tillering,29/10/2024,09/08/2025,3,0.5,5.4,0.9,83,1005.9,18.7,48,2.95,241.1
08/01/2025,71,0.249847521,0.209797521,0.289897521,0.142639316,0.085425031,0.199853602,14.26393164,8.542503069,19.98536021,Tillering,29/10/2024,09/08/2025,1,0.4,3,13.4,95,1007.2,11.7,100,1.7,242.8
09/01/2025,72,0.252454233,0.212404233,0.292504233,0.146363191,0.089148905,0.203577476,14.63631906,8.914890493,20.35774764,Tillering,29/10/2024,09/08/2025,4.7,0.2,10.4,7.1,89,1002.6,23.1,94,5.3,248.1
10/01/2025,73,0.255065959,0.215015959,0.295115959,0.150094227,0.092879941,0.207308512,15.00942266,9.287994085,20.73085123,Tillering,29/10/2024,09/08/2025,-1,-3,1,0.1,83,1019.6,16.8,61,0,248.1
11/01/2025,74,0.257682779,0.217632779,0.297732779,0.153832541,0.096618255,0.211046827,15.38325412,9.66182555,21.10468269,Tillering,29/10/2024,09/08/2025,-1.8,-3.6,0.6,0,82,1025.3,13.4,71,0,248.1
12/01/2025,75,0.260304777,0.220254777,0.300354777,0.157578253,0.100363967,0.214792539,15.7578253,10.03639673,21.47925387,Tillering,29/10/2024,09/08/2025,-2.2,-5,0.2,0.1,80,1036,12,55,0,248.1
13/01/2025,76,0.262932037,0.222882037,0.302982037,0.161331482,0.104117196,0.218545768,16.13314818,10.41171961,21.85457675,Tillering,29/10/2024,09/08/2025,-3.8,-5.9,-0.6,0,74,1042.4,8.3,40,0,248.1
14/01/2025,77,0.265564644,0.225514644,0.305614644,0.165092349,0.107878063,0.222306634,16.50923487,10.78780629,22.23066344,Tillering,29/10/2024,09/08/2025,-2.8,-5.4,1.9,0,73,1037,6.2,28,0,248.1
15/01/2025,78,0.268202683,0.228152683,0.308252683,0.168860976,0.11164669,0.226075262,16.88609761,11.16466903,22.60752618,Tillering,29/10/2024,09/08/2025,0.4,-0.4,1.5,0.3,88,1033.1,9.5,100,0.55,248.65
16/01/2025,79,0.270846241,0.230796241,0.310896241,0.172637488,0.115423202,0.229851774,17.26374878,11.54232021,22.98517735,Tillering,29/10/2024,09/08/2025,0,-2.3,3.3,0,93,1037.3,9.2,57,0.5,249.15
17/01/2025,80,0.273495406,0.233445406,0.313545406,0.176422009,0.119207723,0.233636295,17.6422009,11.92077232,23.36362947,Tillering,29/10/2024,09/08/2025,-1.1,-3.4,2.2,0,92,1038.1,9,50,0,249.15
18/01/2025,81,0.276150266,0.236100266,0.316200266,0.180214666,0.12300038,0.237428952,18.0214666,12.30003803,23.74289517,Tillering,29/10/2024,09/08/2025,-0.8,-3.5,4.1,0,83,1032.4,9.2,29,0.3,249.45
19/01/2025,82,0.278810911,0.238760911,0.318860911,0.184015587,0.126801301,0.241229872,18.40155865,12.68013008,24.12298722,Tillering,29/10/2024,09/08/2025,0.4,-2.4,7.4,0,72,1023.6,7.9,0,2.5,251.95
20/01/2025,83,0.28147743,0.24142743,0.32152743,0.1878249,0.130610614,0.245039185,18.78248996,13.06106139,24.50391853,Tillering,29/10/2024,09/08/2025,-0.7,-4.5,5.7,0,82,1020.9,5.6,61,0.6,252.55
21/01/2025,84,0.284149915,0.244099915,0.324199915,0.191642735,0.13442845,0.248857021,19.16427353,13.44284496,24.88570211,Tillering,29/10/2024,09/08/2025,-1,-4.9,6.1,0,81,1018.8,5.1,37,0.6,253.15
22/01/2025,85,0.286828458,0.246778458,0.326878458,0.195469225,0.13825494,0.252683511,19.54692253,13.82549396,25.2683511,Tillering,29/10/2024,09/08/2025,-0.4,-3.9,3.8,0,81,1012.9,11.2,80,0,253.15
23/01/2025,86,0.289513151,0.249463151,0.329563151,0.199304502,0.142090216,0.256518788,19.9304502,14.20902163,25.65187878,Tillering,29/10/2024,09/08/2025,1.8,-0.5,4.2,4.9,89,1009.8,17.1,79,1.85,255
24/01/2025,87,0.29220409,0.25215409,0.33225409,0.2031487,0.145934414,0.260362985,20.31486995,14.59344138,26.03629852,Tillering,29/10/2024,09/08/2025,4.2,-0.2,7,0.8,73,1013.5,14.7,99,3.4,258.4
25/01/2025,88,0.294901367,0.254851367,0.334951367,0.207001953,0.149787667,0.264216238,20.70019527,14.9787667,26.42162384,Tillering,29/10/2024,09/08/2025,6.5,3.9,11.2,0,65,1009.9,12.3,89,7.55,265.95
26/01/2025,89,0.297605078,0.257555078,0.337655078,0.210864398,0.153650112,0.268078683,21.08643978,15.36501121,26.80786835,Tillering,29/10/2024,09/08/2025,4,-0.2,6.4,0.7,80,1010.2,15.8,94,3.1,269.05
27/01/2025,90,0.30031532,0.26026532,0.34036532,0.214736172,0.157521886,0.271950458,21.4736172,15.75218863,27.19504578,Tillering,29/10/2024,09/08/2025,5,2.7,8.5,6.1,86,1002.8,19.4,100,5.6,274.65
28/01/2025,91,0.30303219,0.26298219,0.34308219,0.218617414,0.161403128,0.2758317,21.86174139,16.14031282,27.58316996,Tillering,29/10/2024,09/08/2025,3.9,1.2,5.7,3.4,94,1000.8,13.8,88,3.45,278.1
29/01/2025,92,0.305755784,0.265705784,0.345805784,0.222508263,0.165293977,0.279722548,22.25082627,16.5293977,27.97225484,Tillering,29/10/2024,09/08/2025,3.9,-0.4,7.5,1.7,85,1008.8,16.8,73,3.55,281.65
30/01/2025,93,0.308486201,0.268436201,0.348536201,0.226408859,0.169194573,0.283623145,22.64088589,16.91945732,28.36231446,Tillering,29/10/2024,09/08/2025,2.5,-0.4,7.2,0.4,88,1016.4,8.2,95,3.4,285.05
31/01/2025,94,0.311223541,0.271173541,0.351273541,0.230319344,0.173105058,0.28753363,23.0319344,17.31050583,28.75336297,Tillering,29/10/2024,09/08/2025,1.4,-3.1,4.8,0.9,87,1028.6,9,94,0.85,285.9
01/02/2025,95,0.313967902,0.273917902,0.354017902,0.23423986,0.177025575,0.291454146,23.42398604,17.70255747,29.14541461,Tillering,29/10/2024,09/08/2025,-1.2,-3.8,4.2,0,76,1031.1,9.1,6,0.2,286.1
02/02/2025,96,0.316719386,0.276669386,0.356769386,0.238170551,0.180956266,0.295384837,23.81705514,18.09562656,29.53848371,Tillering,29/10/2024,09/08/2025,-1.7,-4.7,4,0,82,1026.6,6.3,16,0,286.1
03/02/2025,97,0.319478093,0.279428093,0.359528093,0.242111561,0.184897275,0.299325847,24.2111561,18.48972753,29.93258468,Tillering,29/10/2024,09/08/2025,-2.4,-5.5,2.8,0,84,1029.5,5.2,43,0,286.1
04/02/2025,98,0.322244124,0.282194124,0.362294124,0.246063034,0.188848749,0.30327732,24.60630344,18.88487487,30.32773202,Tillering,29/10/2024,09/08/2025,-2.6,-6,1.9,0,83,1031.8,6.4,41,0,286.1
05/02/2025,99,0.325017582,0.284967582,0.365067582,0.250025117,0.192810832,0.307239403,25.00251174,19.28108316,30.72394031,Tillering,29/10/2024,09/08/2025,-0.5,-5.1,4.3,0,85,1038.4,6.2,50,0,286.1
06/02/2025,100,0.327798569,0.287748569,0.367848569,0.253997956,0.196783671,0.311212242,25.39979563,19.67836706,31.1212242,Tillering,29/10/2024,09/08/2025,0.3,-0.8,2.3,0,82,1038.8,12.8,100,0.75,286.85
07/02/2025,101,0.330587189,0.290537189,0.370637189,0.257981698,0.200767413,0.315195984,25.79816984,20.07674127,31.51959841,Tillering,29/10/2024,09/08/2025,0.9,-1.9,3.8,0,79,1028.5,15.3,99,0.95,287.8
08/02/2025,102,0.333383544,0.293333544,0.373433544,0.261976491,0.204762206,0.319190777,26.19764915,20.47622058,31.91907772,Tillering,29/10/2024,09/08/2025,0.3,-3.2,6.7,0,76,1024.9,10.1,19,1.75,289.55
09/02/2025,103,0.336187739,0.296137739,0.376237739,0.265982484,0.208768198,0.32319677,26.5982484,20.87681983,32.31967697,Tillering,29/10/2024,09/08/2025,0.1,-2.8,5,0,85,1027.8,4.4,76,1.1,290.65
10/02/2025,104,0.338999877,0.298949877,0.379049877,0.269999825,0.212785539,0.32721411,26.99998248,21.2785539,32.72141105,Tillering,29/10/2024,09/08/2025,1.1,-2.3,5.8,0.1,83,1026,8.4,82,1.75,292.4
11/02/2025,105,0.341820064,0.301770064,0.381870064,0.274028663,0.216814377,0.331242949,27.40286631,21.68143774,33.12429488,Tillering,29/10/2024,09/08/2025,1.3,0.6,3.3,10.5,94,1023.6,10,100,1.95,294.35
12/02/2025,106,0.344648404,0.304598404,0.384698404,0.278069149,0.220854863,0.335283435,27.80691489,22.08548632,33.52834346,Tillering,29/10/2024,09/08/2025,4.2,1.1,6.9,8.2,98,1018.1,8,100,4,298.35
13/02/2025,107,0.347485002,0.307435002,0.387535002,0.282121432,0.224907146,0.339335718,28.2121432,22.49071463,33.93357177,Tillering,29/10/2024,09/08/2025,1.4,-2.7,5.2,8.6,96,1017.6,7.3,87,1.25,299.6
14/02/2025,108,0.350329964,0.310279964,0.390379964,0.286185663,0.228971377,0.343399949,28.61856628,22.89713771,34.33999486,Tillering,29/10/2024,09/08/2025,-2,-3.7,-0.3,0,83,1024.8,9.5,100,0,299.6
15/02/2025,109,0.353183394,0.313133394,0.393233394,0.290261992,0.233047706,0.347476278,29.02619919,23.30477061,34.74762776,Tillering,29/10/2024,09/08/2025,-1.9,-3.6,-0.1,0,71,1024.9,6.9,98,0,299.6
16/02/2025,110,0.356045399,0.315995399,0.396095399,0.29435057,0.237136284,0.351564855,29.43505697,23.71362839,35.15648554,Tillering,29/10/2024,09/08/2025,-2.6,-6,0.1,1.3,76,1021.3,9.9,81,0,299.6
17/02/2025,111,0.358916083,0.318866083,0.398966083,0.298451547,0.241237261,0.355665833,29.84515468,24.12372611,35.56658326,Tillering,29/10/2024,09/08/2025,-4.5,-8.3,0.7,0,73,1024.5,8.7,18,0,299.6
18/02/2025,112,0.361795552,0.321745552,0.401845552,0.302565074,0.245350788,0.35977936,30.2565074,24.53507882,35.97793597,Tillering,29/10/2024,09/08/2025,-5.6,-11.1,0.5,0,71,1027.6,10.3,2,0,299.6
19/02/2025,113,0.364683911,0.324633911,0.404733911,0.306691301,0.249477016,0.363905587,30.66913014,24.94770157,36.39055872,Tillering,29/10/2024,09/08/2025,-3,-7.1,2.3,0,52,1028,13,17,0,299.6
20/02/2025,114,0.367585992,0.327535992,0.407635992,0.310837131,0.253622845,0.368051417,31.0837131,25.36228453,36.80514167,Tillering,29/10/2024,09/08/2025,1,-3.7,9.5,0,67,1027.7,8.8,58,2.9,302.5
21/02/2025,115,0.370546825,0.330496825,0.410596825,0.315066893,0.257852607,0.372281178,31.50668925,25.78526068,37.22811783,Tillering,29/10/2024,09/08/2025,5.1,1.7,11.6,0.3,87,1025.2,9,77,6.65,309.15
22/02/2025,116,0.373863848,0.333813848,0.413913848,0.319805497,0.262591212,0.377019783,31.98054974,26.25912116,37.70197831,Tillering,29/10/2024,09/08/2025,4.3,0.2,10.2,0,82,1022.3,7.4,97,5.2,314.35
23/02/2025,117,0.378687081,0.338637081,0.418737081,0.32669583,0.269481544,0.383910116,32.66958301,26.94815444,38.39101159,Tillering,29/10/2024,09/08/2025,5.8,0.4,11,0,90,1029.3,9.1,74,5.7,320.05
24/02/2025,118,0.387370374,0.347320374,0.427420374,0.339100534,0.281886248,0.39631482,33.91005341,28.18862484,39.63148198,Tillering,29/10/2024,09/08/2025,4.4,-0.3,9.5,0.1,91,1025.5,10.3,89,4.6,324.65
25/02/2025,119,0.401447309,0.361397309,0.441497309,0.359210442,0.301996156,0.416424727,35.92104417,30.1996156,41.64247274,Tillering,29/10/2024,09/08/2025,7,4.3,11.8,3.1,89,1016,8.6,96,8.05,332.7
26/02/2025,120,0.418136507,0.378086507,0.458186507,0.383052153,0.325837867,0.440266439,38.30521529,32.58378672,44.02664386,Tillering,29/10/2024,09/08/2025,4.1,1,6.1,0.6,93,1017,14.7,87,3.55,336.25
27/02/2025,121,0.431772319,0.391722319,0.471822319,0.402531884,0.345317598,0.45974617,40.25318838,34.53175981,45.97461695,Tillering,29/10/2024,09/08/2025,1.4,-1,5.6,2.6,91,1019.6,11.7,59,2.3,338.55
28/02/2025,122,0.439723296,0.399673296,0.479773296,0.413890422,0.356676137,0.471104708,41.38904224,35.66761367,47.11047081,Tillering,29/10/2024,09/08/2025,1.1,-2.3,4.3,3.4,94,1023.6,9.7,86,1,339.55
01/03/2025,123,0.443692427,0.403642427,0.483742427,0.41956061,0.362346324,0.476774895,41.95606097,36.2346324,47.67748954,Tillering,29/10/2024,09/08/2025,0.7,-2.3,4.4,0.3,89,1030.4,10.1,74,1.05,340.6
02/03/2025,124,0.446130943,0.406080943,0.486180943,0.423044205,0.365829919,0.480258491,42.3044205,36.58299193,48.02584907,Tillering,29/10/2024,09/08/2025,0.6,-3,6.3,0,81,1033.7,8.1,17,1.65,342.25
03/03/2025,125,0.448222315,0.408172315,0.488272315,0.426031878,0.368817592,0.483246164,42.60318781,36.88175924,48.32461638,Tillering,29/10/2024,09/08/2025,1.9,-3.7,10.5,0,65,1029.7,5.1,49,3.4,345.65
04/03/2025,126,0.45027114,0.41022114,0.49032114,0.428958771,0.371744485,0.486173057,42.89587712,37.17444854,48.61730569,Tillering,29/10/2024,09/08/2025,3.2,-2.4,11.5,0,62,1027.1,3.9,60,4.55,350.2
05/03/2025,127,0.452323406,0.412273406,0.492373406,0.431890581,0.374676295,0.489104866,43.18905807,37.4676295,48.91048664,Tillering,29/10/2024,09/08/2025,3.9,-2.3,12.7,0,69,1025.9,5.7,0,5.2,355.4
06/03/2025,128,0.454384002,0.414334002,0.494434002,0.434834289,0.377620004,0.492048575,43.48342892,37.76200035,49.20485749,Tillering,29/10/2024,09/08/2025,5.9,-0.7,14.6,0,72,1022.4,5,1,6.95,362.35
07/03/2025,129,0.456453003,0.416403003,0.496503003,0.437790004,0.380575718,0.49500429,43.77900042,38.05757185,49.50042899,Tillering,29/10/2024,09/08/2025,6.1,-0.9,15.2,0,68,1019,4.3,2,7.15,369.5
08/03/2025,130,0.458530482,0.418480482,0.498580482,0.440757831,0.383543546,0.497972117,44.07578315,38.35435457,49.79721172,Tillering,29/10/2024,09/08/2025,6.6,-0.4,15.4,0,69,1013.9,4.7,8,7.5,377
09/03/2025,131,0.460616513,0.420566513,0.500666513,0.443737875,0.386523589,0.500952161,44.37378751,38.65235893,50.09521608,Tillering,29/10/2024,09/08/2025,6.9,-0.1,16.2,0,70,1005.8,4.3,34,8.05,385.05
10/03/2025,132,0.462711166,0.422661166,0.502761166,0.446730237,0.389515952,0.503944523,44.67302372,38.95159515,50.39445229,Tillering,29/10/2024,09/08/2025,7.3,2.2,14.9,2.5,76,1001.3,9.6,74,8.55,393.6
11/03/2025,133,0.464814513,0.424764513,0.504864513,0.449735018,0.392520733,0.506949304,44.97350182,39.25207325,50.6949304,Tillering,29/10/2024,09/08/2025,7.2,2.8,12.9,0.5,84,1002.5,9.1,71,7.85,401.45
12/03/2025,134,0.466926513,0.426876513,0.506976513,0.452752161,0.395537876,0.509966447,45.27521613,39.55378756,50.9966447,Tillering,29/10/2024,09/08/2025,4.6,1.9,7.5,1.9,92,998.8,7.1,94,4.7,406.15
13/03/2025,135,0.469046189,0.428996189,0.509096189,0.45578027,0.398565984,0.512994556,45.57802698,39.85659841,51.29945555,Tillering,29/10/2024,09/08/2025,3.6,1.7,6.7,0.7,88,997.9,6.8,98,4.2,410.35
14/03/2025,136,0.471166638,0.431116638,0.511216638,0.458809483,0.401595198,0.516023769,45.88094835,40.15951978,51.60237692,Tillering,29/10/2024,09/08/2025,3.2,1,5.4,0.2,82,1005.7,8.4,94,3.2,413.55
15/03/2025,137,0.473260528,0.433210528,0.513310528,0.461800755,0.404586469,0.51901504,46.18007547,40.4586469,51.90150404,Tillering,29/10/2024,09/08/2025,3.8,0.5,7.3,0,76,1013,16.9,96,3.9,417.45
16/03/2025,138,0.475269529,0.435219529,0.515319529,0.464670755,0.407456469,0.521885041,46.46707552,40.74564695,52.18850409,Tillering,29/10/2024,09/08/2025,3.5,-0.2,8.5,0,69,1017.3,13,40,4.15,421.6
17/03/2025,139,0.477147034,0.437097034,0.517197034,0.467352906,0.410138621,0.524567192,46.73529062,41.01386205,52.45671919,Tillering,29/10/2024,09/08/2025,0.6,-2.4,5.8,0.1,70,1026.3,11,43,1.7,423.3
18/03/2025,140,0.478940017,0.438890017,0.518990017,0.469914311,0.412700025,0.527128596,46.99143106,41.27000249,52.71285963,Tillering,29/10/2024,09/08/2025,0.4,-3.8,7.4,0,50,1030.1,13.6,0,1.8,425.1
19/03/2025,141,0.480767884,0.440717884,0.520817884,0.472525549,0.415311264,0.529739835,47.25255492,41.53112635,52.97398349,Tillering,29/10/2024,09/08/2025,2.6,-3.2,11.5,0,63,1028.2,7.1,0,4.15,429.25
20/03/2025,142,0.482695418,0.442645418,0.522745418,0.475279168,0.418064882,0.532493454,47.5279168,41.80648823,53.24934538,Tillering,29/10/2024,09/08/2025,6.7,-0.7,15.5,0,71,1024.9,7.9,15,7.4,436.65
21/03/2025,143,0.48469582,0.44464582,0.52474582,0.478136885,0.4209226,0.535351171,47.81368854,42.09225997,53.53511711,Tillering,29/10/2024,09/08/2025,9.9,2.6,17.8,0,65,1017.7,10.9,37,10.2,446.85
22/03/2025,144,0.486721533,0.446671533,0.526771533,0.481030762,0.423816476,0.538245048,48.1030762,42.38164763,53.82450478,Tillering,29/10/2024,09/08/2025,10.5,6.5,16.2,0,64,1007.1,11.2,65,11.35,458.2
23/03/2025,145,0.488748037,0.448698037,0.528798037,0.483925767,0.426711481,0.541140053,48.39257671,42.67114814,54.11400528,Tillering,29/10/2024,09/08/2025,8.4,4.2,13.6,10.6,85,1004.9,11.4,93,8.9,467.1
24/03/2025,146,0.490767905,0.450717905,0.530817905,0.486811293,0.429597008,0.544025579,48.68112933,42.95970076,54.4025579,Tillering,29/10/2024,09/08/2025,8.5,5,13.4,7.7,88,1012.8,7.3,78,9.2,476.3
25/03/2025,147,0.492778757,0.452728757,0.532828757,0.489683939,0.432469653,0.546898224,48.96839388,43.2469653,54.68982245,Tillering,29/10/2024,09/08/2025,8.7,4.1,14.1,1.5,83,1018.1,7.9,32,9.1,485.4
26/03/2025,148,0.494778908,0.454728908,0.534828908,0.492541297,0.435327011,0.549755583,49.25412971,43.53270114,54.97555828,Tillering,29/10/2024,09/08/2025,6.2,4.1,7.4,2.2,88,1020.7,8.8,95,5.75,491.15
27/03/2025,149,0.496766631,0.456716631,0.536816631,0.495380902,0.438166616,0.552595188,49.53809019,43.81666161,55.25951876,Tillering,29/10/2024,09/08/2025,6.8,2.9,11.8,0.1,72,1020.6,8.5,58,7.35,498.5
28/03/2025,150,0.498740049,0.458690049,0.538790049,0.49820007,0.440985785,0.555414356,49.82000705,44.09857848,55.54143562,Stem Elongation,29/10/2024,09/08/2025,6.8,-0.8,13.5,0,71,1012.8,4.7,35,6.35,504.85
29/03/2025,151,0.500697121,0.460647121,0.540747121,0.500995886,0.443781601,0.558210172,50.09958865,44.37816008,55.82101722,Stem Elongation,29/10/2024,09/08/2025,8.5,4.8,12.3,0.6,71,1013.2,12.6,91,8.55,513.4
30/03/2025,152,0.502635626,0.462585626,0.542685626,0.503765181,0.446550895,0.560979466,50.37651807,44.6550895,56.09794664,Stem Elongation,29/10/2024,09/08/2025,6.2,1.8,10.8,2.4,73,1017.9,17.7,73,6.3,519.7
31/03/2025,153,0.504553158,0.464503158,0.544603158,0.506504511,0.449290225,0.563718796,50.65045108,44.9290225,56.37187965,Stem Elongation,29/10/2024,09/08/2025,5.4,3.3,7.5,1.9,76,1022.3,17,75,5.4,525.1
01/04/2025,154,0.506447097,0.466397097,0.546497097,0.509210139,0.451995853,0.566424425,50.9210139,45.19958533,56.64244247,Stem Elongation,29/10/2024,09/08/2025,5.6,1,10.6,0.2,70,1024.7,16,46,5.8,530.9
02/04/2025,155,0.508314606,0.468264606,0.548364606,0.511878009,0.454663723,0.569092294,51.18780086,45.46637229,56.90922943,Stem Elongation,29/10/2024,09/08/2025,8.8,4.1,13.7,0,65,1021.9,21.2,46,8.9,539.8
03/04/2025,156,0.510152603,0.470102603,0.550202603,0.514503718,0.457289432,0.571718004,51.4503718,45.72894323,57.17180038,Stem Elongation,29/10/2024,09/08/2025,10.6,4.3,17.2,0,61,1023.2,13,15,10.75,550.55
04/04/2025,157,0.511957745,0.471907745,0.552007745,0.517082493,0.459868207,0.574296779,51.70824931,45.98682074,57.42967788,Stem Elongation,29/10/2024,09/08/2025,10.9,3.9,18.2,0,60,1019.7,8.1,0,11.05,561.6
05/04/2025,158,0.51372641,0.47367641,0.55377641,0.519609157,0.462394871,0.576823443,51.9609157,46.23948713,57.68234428,Stem Elongation,29/10/2024,09/08/2025,10.3,4.4,18.2,0,58,1015,10.3,37,11.3,572.9
06/04/2025,159,0.515454669,0.475404669,0.555504669,0.522078098,0.464863812,0.579292384,52.20780982,46.48638125,57.92923839,Stem Elongation,29/10/2024,09/08/2025,3,-0.9,7,0,50,1023.9,14.2,13,3.05,575.95
07/04/2025,160,0.517138265,0.477088265,0.557188265,0.524483235,0.467268949,0.581697521,52.44832352,46.72689494,58.16975209,Stem Elongation,29/10/2024,09/08/2025,3.3,-2.9,9.9,0,56,1025.7,9.3,12,3.5,579.45
08/04/2025,161,0.518772573,0.478722573,0.558822573,0.526817961,0.469603675,0.584032247,52.68179612,46.96036755,58.40322469,Stem Elongation,29/10/2024,09/08/2025,5.9,-1,13.4,0,59,1026.3,7.8,13,6.2,585.65
09/04/2025,162,0.520352476,0.480302476,0.560402476,0.529074965,0.47186068,0.586289251,52.90749654,47.18606797,58.62892511,Stem Elongation,29/10/2024,09/08/2025,6.3,0.1,12.2,0,62,1023.3,6.2,58,6.15,591.8
10/04/2025,163,0.521871745,0.481821745,0.561921745,0.531245349,0.474031064,0.588459635,53.12453493,47.40310636,58.8459635,Stem Elongation,29/10/2024,09/08/2025,6.8,2.4,11.9,0,70,1025.5,8.2,53,7.15,598.95
11/04/2025,164,0.523321251,0.483271251,0.563371251,0.533316072,0.476101787,0.590530358,53.33160723,47.61017866,59.0530358,Stem Elongation,29/10/2024,09/08/2025,8.9,2,16.4,0,65,1021,10.3,34,9.2,608.15
12/04/2025,165,0.524687422,0.484637422,0.564737422,0.535267746,0.47805346,0.592482031,53.52677456,47.80534599,59.24820313,Stem Elongation,29/10/2024,09/08/2025,11.9,5,19.1,0,61,1013.2,7.7,38,12.05,620.2
13/04/2025,166,0.525956702,0.485906702,0.566006702,0.537081002,0.479866717,0.594295288,53.70810023,47.98667166,59.4295288,Stem Elongation,29/10/2024,09/08/2025,12.7,7.5,18.3,0,72,1008.7,11.3,73,12.9,633.1
14/04/2025,167,0.527125191,0.487075191,0.567175191,0.538750274,0.481535988,0.595964559,53.87502735,48.15359878,59.59645593,Stem Elongation,29/10/2024,09/08/2025,12.4,7.6,17.8,1.2,77,1009.5,7.2,83,12.7,645.8
15/04/2025,168,0.52819766,0.48814766,0.56824766,0.540282371,0.483068085,0.597496657,54.02823712,48.30680854,59.74966569,Stem Elongation,29/10/2024,09/08/2025,13.7,9.9,19.7,1.2,79,1001.5,8.9,74,14.8,660.6
16/04/2025,169,0.52917394,0.48912394,0.56922394,0.541677057,0.484462771,0.598891342,54.16770565,48.44627708,59.88913422,Stem Elongation,29/10/2024,09/08/2025,15.2,9,23.5,0.1,72,1005.7,11.4,81,16.25,676.85
17/04/2025,170,0.530043704,0.489993704,0.570093704,0.542919577,0.485705292,0.600133863,54.29195775,48.57052918,60.01338632,Stem Elongation,29/10/2024,09/08/2025,11.4,6.9,18.2,2.6,81,1006.5,10.3,86,12.55,689.4
18/04/2025,171,0.530793135,0.490743135,0.570843135,0.543990193,0.486775907,0.601204478,54.39901926,48.67759068,60.12044783,Stem Elongation,29/10/2024,09/08/2025,7.6,5,9.7,0.3,82,1013.6,13.6,97,7.35,696.75
19/04/2025,172,0.531409626,0.491359626,0.571459626,0.544870895,0.487656609,0.60208518,54.48708947,48.76566089,60.20851804,Stem Elongation,29/10/2024,09/08/2025,9.9,2.5,17.6,0,77,1009.9,4.3,43,10.05,706.8
20/04/2025,173,0.531881453,0.491831453,0.571931453,0.545544932,0.488330646,0.602759218,54.55449322,48.83306465,60.27592179,Stem Elongation,29/10/2024,09/08/2025,12.1,5.9,20.6,1.6,71,1006.9,9.8,50,13.25,720.05
21/04/2025,174,0.532196621,0.492146621,0.572246621,0.545995172,0.488780887,0.603209458,54.59951723,48.87808866,60.3209458,Stem Elongation,29/10/2024,09/08/2025,10.5,4.4,17.7,0.8,74,1012.3,6.9,64,11.05,731.1
22/04/2025,175,0.532342417,0.492292417,0.572392417,0.546203453,0.488989167,0.603417738,54.62034527,48.89891669,60.34177384,Stem Elongation,29/10/2024,09/08/2025,10.5,5.5,15.1,0,75,1018.3,7.4,52,10.3,741.4
23/04/2025,176,0.5323053,0.4922553,0.5723553,0.546150428,0.488936142,0.603364714,54.61504281,48.89361424,60.33647138,Stem Elongation,29/10/2024,09/08/2025,12.4,6.3,18.7,2.2,69,1014.9,7.4,72,12.5,753.9
24/04/2025,177,0.532070855,0.492020855,0.572120855,0.545815506,0.488601221,0.603029792,54.58155064,48.86012207,60.30297922,Stem Elongation,29/10/2024,09/08/2025,9.5,7.6,12.5,2.2,84,1015.9,13,100,10.05,763.95
25/04/2025,178,0.531623761,0.491573761,0.571673761,0.545176801,0.487962515,0.602391087,54.51768009,48.79625152,60.23910866,Stem Elongation,29/10/2024,09/08/2025,8.4,6,10.1,2.2,91,1018.5,9.5,98,8.05,772
26/04/2025,179,0.530947761,0.490897761,0.570997761,0.544211087,0.486996801,0.601425373,54.42110872,48.69968015,60.14253729,Stem Elongation,29/10/2024,09/08/2025,9.9,5.2,14.6,0,75,1020.5,14.4,96,9.9,781.9
27/04/2025,180,0.530025637,0.489975637,0.570075637,0.542893767,0.485679481,0.600108052,54.28937666,48.56794809,60.01080523,Stem Elongation,29/10/2024,09/08/2025,10.9,5.5,16.9,0,65,1023.3,10.4,78,11.2,793.1
28/04/2025,181,0.528839186,0.488789186,0.568889186,0.541198837,0.483984551,0.598413122,54.11988366,48.39845509,59.84131223,Booting,29/10/2024,09/08/2025,12.2,4.5,19.6,0,66,1024.9,6.1,52,12.05,805.15
29/04/2025,182,0.527369211,0.487319211,0.567419211,0.539098872,0.481884587,0.596313158,53.90988722,48.18845865,59.63131579,Booting,29/10/2024,09/08/2025,14,6.3,21.5,0,64,1024.2,7.6,0,13.9,819.05
30/04/2025,183,0.525589571,0.485539571,0.565639571,0.53655653,0.479342244,0.593770816,53.65565302,47.93422445,59.37708159,Booting,29/10/2024,09/08/2025,15.2,7.5,22.5,0,61,1022.4,5.4,4,15,834.05
01/05/2025,184,0.523429707,0.483379707,0.563479707,0.53347101,0.476256724,0.590685296,53.347101,47.62567243,59.06852957,Booting,29/10/2024,09/08/2025,16.5,7.9,24,0,59,1019.9,4.4,7,15.95,850
02/05/2025,185,0.520562325,0.480512325,0.560612325,0.529374749,0.472160464,0.586589035,52.93747494,47.21604637,58.65890351,Booting,29/10/2024,09/08/2025,18.2,10,25.5,0,57,1016.5,8.4,26,17.75,867.75
03/05/2025,186,0.515977461,0.475927461,0.556027461,0.522824945,0.465610659,0.580039231,52.2824945,46.56106592,58.00392307,Booting,29/10/2024,09/08/2025,16.5,13.4,19.7,0.5,69,1011.2,16.2,81,16.55,884.3
04/05/2025,187,0.508501541,0.468451541,0.548551541,0.512145058,0.454930773,0.569359344,51.21450583,45.49307726,56.93593441,Booting,29/10/2024,09/08/2025,10.8,8.3,12.9,1.6,74,1010.6,11.1,95,10.6,894.9
05/05/2025,188,0.500063516,0.460013516,0.540113516,0.500090737,0.442876451,0.557305022,50.00907367,44.28764509,55.73050224,Booting,29/10/2024,09/08/2025,8.4,5.4,11.9,0,68,1012.7,15.8,98,8.65,903.55
06/05/2025,189,0.497316829,0.457266829,0.537366829,0.496166898,0.438952612,0.553381184,49.61668979,43.89526122,55.33811836,Booting,29/10/2024,09/08/2025,9.1,5.1,13.5,0,59,1016.4,12.1,79,9.3,912.85
07/05/2025,190,0.504415007,0.464365007,0.544465007,0.506307153,0.449092867,0.563521439,50.63071531,44.90928674,56.35214388,Booting,29/10/2024,09/08/2025,9.6,2.7,16,0,60,1016.2,12.1,39,9.35,922.2
08/05/2025,191,0.516785029,0.476735029,0.556835029,0.523978612,0.466764326,0.581192898,52.39786122,46.67643265,58.11928979,Booting,29/10/2024,09/08/2025,9.8,7.2,12.7,0.5,63,1015.7,10.9,94,9.95,932.15
09/05/2025,192,0.52774989,0.48769989,0.56779989,0.5396427,0.482428414,0.596856986,53.96426998,48.24284141,59.68569855,Booting,29/10/2024,09/08/2025,10,4,15.5,0,47,1019.1,13.8,33,9.75,941.9
10/05/2025,193,0.535622025,0.495572025,0.575672025,0.550888608,0.493674322,0.608102893,55.08886075,49.36743218,60.81028932,Booting,29/10/2024,09/08/2025,10.9,2.7,17.8,0,51,1020.1,8.1,15,10.25,952.15
11/05/2025,194,0.541773702,0.501723702,0.581823702,0.559676716,0.502462431,0.616891002,55.96767165,50.24624308,61.68910022,Booting,29/10/2024,09/08/2025,13.2,4.7,19.7,0,50,1015.3,10.9,16,12.2,964.35
12/05/2025,195,0.547309913,0.507259913,0.587359913,0.56758559,0.510371305,0.624799876,56.75855903,51.03713045,62.4799876,Booting,29/10/2024,09/08/2025,13.7,6.4,19.7,0,46,1013.6,9,3,13.05,977.4
13/05/2025,196,0.552748085,0.512698085,0.592798085,0.575354407,0.518140121,0.632568692,57.53544066,51.81401209,63.25686923,Booting,29/10/2024,09/08/2025,13.7,6.2,19.7,0,45,1016.9,8.3,5,12.95,990.35
14/05/2025,197,0.558881055,0.518831055,0.598931055,0.584115793,0.526901508,0.641330079,58.41157934,52.69015077,64.13300791,Heading,29/10/2024,09/08/2025,15,6.3,21.3,0,46,1015.9,7.6,36,13.8,1004.15
15/05/2025,198,0.567242322,0.527192322,0.607292322,0.596060461,0.538846175,0.653274746,59.60604607,53.8846175,65.32747464,Heading,29/10/2024,09/08/2025,12.5,7.7,16,0,48,1014.8,14.4,48,11.85,1016
16/05/2025,199,0.578862064,0.538812064,0.618912064,0.612660092,0.555445806,0.669874377,61.26600917,55.5445806,66.98743774,Heading,29/10/2024,09/08/2025,10.3,3.7,14.4,0.1,51,1017.7,10,47,9.05,1025.05
17/05/2025,200,0.591982775,0.551932775,0.632032775,0.631403964,0.574189678,0.68861825,63.14039639,57.41896782,68.86182496,Heading,29/10/2024,09/08/2025,11.3,5.3,15.3,0.4,62,1015.6,10.5,58,10.3,1035.35
18/05/2025,201,0.602856069,0.562806069,0.642906069,0.646937242,0.589722956,0.704151528,64.69372421,58.97229564,70.41515279,Heading,29/10/2024,09/08/2025,12.4,8,16.8,0.8,58,1015.5,14.8,29,12.4,1047.75
19/05/2025,202,0.60958877,0.56953877,0.64963877,0.656555385,0.599341099,0.713769671,65.65553852,59.93410995,71.37696709,Heading,29/10/2024,09/08/2025,13.2,5.3,19.8,0,55,1018.3,6.7,2,12.55,1060.3
20/05/2025,203,0.613271244,0.573221244,0.653321244,0.661816063,0.604601777,0.719030348,66.18160625,60.46017768,71.90303483,Heading,29/10/2024,09/08/2025,15.1,7,21.4,0,56,1016,7.6,62,14.2,1074.5
21/05/2025,204,0.615714838,0.575664838,0.655764838,0.665306911,0.608092626,0.722521197,66.53069113,60.80926256,72.2521197,Heading,29/10/2024,09/08/2025,14.5,10,19.4,6.6,69,1012.7,9.1,95,14.7,1089.2
22/05/2025,205,0.617816471,0.577766471,0.657866471,0.668309245,0.611094959,0.72552353,66.83092445,61.10949588,72.55235302,Heading,29/10/2024,09/08/2025,11.1,7.2,15.2,1.8,74,1011.9,13.9,65,11.2,1100.4
23/05/2025,206,0.619676028,0.579626028,0.659726028,0.670965754,0.613751468,0.72818004,67.0965754,61.37514683,72.81800397,Heading,29/10/2024,09/08/2025,9,2.1,13.1,0.1,55,1016.6,9.9,62,7.6,1108
24/05/2025,207,0.621176257,0.581126257,0.661226257,0.673108939,0.615894653,0.730323225,67.3108939,61.58946532,73.03232247,Heading,29/10/2024,09/08/2025,10.4,2.1,15.5,0,50,1018.7,9.9,61,8.8,1116.8
25/05/2025,208,0.622240461,0.582190461,0.662290461,0.67462923,0.617414945,0.731843516,67.46292303,61.74149446,73.1843516,Heading,29/10/2024,09/08/2025,12.8,9,17.3,4.8,78,1015.6,15.9,83,13.15,1129.95
26/05/2025,209,0.622837385,0.582787385,0.662887385,0.675481979,0.618267693,0.732696264,67.54819786,61.82676929,73.26962643,Heading,29/10/2024,09/08/2025,14,9.4,17.8,1.1,67,1018,17,72,13.6,1143.55
27/05/2025,210,0.62294403,0.58289403,0.66299403,0.675634328,0.618420043,0.732848614,67.56343284,61.84200427,73.28486141,Heading,29/10/2024,09/08/2025,13.5,7.8,17.4,0,60,1020.7,11.7,99,12.6,1156.15
28/05/2025,211,0.622497,0.582447,0.662547,0.674995715,0.617781429,0.732210001,67.49957149,61.77814292,73.22100006,Heading,29/10/2024,09/08/2025,14,11.4,16.1,6.9,78,1017.7,21.7,93,13.75,1169.9
29/05/2025,212,0.621183996,0.581133996,0.661233996,0.673119995,0.615905709,0.73033428,67.31199945,61.59057088,73.03342802,Heading,29/10/2024,09/08/2025,13.2,9.1,16.5,0.4,78,1023.1,13.2,80,12.8,1182.7
30/05/2025,213,0.618021181,0.577971181,0.658071181,0.668601688,0.611387402,0.725815973,66.86016876,61.13874019,72.58159733,Flowering,29/10/2024,09/08/2025,18.5,12.7,24.1,0,64,1022.1,10.5,29,18.4,1201.1
31/05/2025,214,0.611818978,0.571768978,0.651868978,0.659741397,0.602527111,0.716955683,65.97413972,60.25271114,71.69556829,Flowering,29/10/2024,09/08/2025,21,12.2,28.4,0,60,1019.1,7.7,42,20.3,1221.4
01/06/2025,215,0.604308772,0.564258772,0.644358772,0.649012532,0.591798246,0.706226817,64.90125318,59.1798246,70.62268175,Flowering,29/10/2024,09/08/2025,19.8,15,26.1,5.6,68,1016,9.2,99,20.55,1241.95
02/06/2025,216,0.601822459,0.561772459,0.641872459,0.645460656,0.58824637,0.702674942,64.5460656,58.82463703,70.26749417,Flowering,29/10/2024,09/08/2025,16.6,13.9,20.9,8,88,1016.6,7.6,99,17.4,1259.35
03/06/2025,217,0.608534385,0.568484385,0.648584385,0.655049122,0.597834836,0.712263408,65.50491221,59.78348364,71.22634078,Flowering,29/10/2024,09/08/2025,17.2,12.5,21.7,1.1,78,1015.2,8.2,81,17.1,1276.45
04/06/2025,218,0.620379817,0.580329817,0.660429817,0.671971167,0.614756881,0.729185453,67.19711671,61.47568814,72.91854528,Flowering,29/10/2024,09/08/2025,17.3,13.9,21,6.2,83,1011.9,10.1,92,17.45,1293.9
05/06/2025,219,0.631089606,0.591039606,0.671139606,0.687270866,0.630056581,0.744485152,68.72708663,63.00565806,74.4485152,Flowering,29/10/2024,09/08/2025,16.4,13.2,20.6,0.3,77,1013.8,13.8,74,16.9,1310.8
06/06/2025,220,0.638942289,0.598892289,0.678992289,0.698488984,0.641274698,0.75570327,69.84889839,64.12746982,75.57032696,Flowering,29/10/2024,09/08/2025,17.2,13.9,20.7,3,79,1013.7,16.5,81,17.3,1328.1
07/06/2025,221,0.645107233,0.605057233,0.685157233,0.707296048,0.650081762,0.764510333,70.72960475,65.00817618,76.45103332,Flowering,29/10/2024,09/08/2025,15.6,12.6,19.5,9.5,85,1013.3,12.9,77,16.05,1344.15
08/06/2025,222,0.650538049,0.610488049,0.690588049,0.715054355,0.65784007,0.772268641,71.50543554,65.78400697,77.22686411,Flowering,29/10/2024,09/08/2025,13.2,9.7,15.9,2.4,76,1015.8,20.7,57,12.8,1356.95
09/06/2025,223,0.655515057,0.615465057,0.695565057,0.722164367,0.664950082,0.779378653,72.21643674,66.49500817,77.93786531,Flowering,29/10/2024,09/08/2025,12.7,6.3,17.9,0,66,1024.4,9.1,24,12.1,1369.05
10/06/2025,224,0.660072102,0.620022102,0.700122102,0.728674431,0.671460146,0.785888717,72.86744314,67.14601457,78.58887172,Flowering,29/10/2024,09/08/2025,15.9,7.4,21.4,0,66,1018.9,12.3,74,14.4,1383.45
11/06/2025,225,0.664221993,0.624171993,0.704271993,0.734602847,0.677388562,0.791817133,73.46028472,67.73885615,79.1817133,Grain Filling,29/10/2024,09/08/2025,16.9,13.1,21.3,0,57,1020.6,9,47,17.2,1400.65
12/06/2025,226,0.668104619,0.628054619,0.708154619,0.740149456,0.682935171,0.797363742,74.01494563,68.29351706,79.73637421,Grain Filling,29/10/2024,09/08/2025,18.2,10.3,25.1,0,56,1019.9,11.5,3,17.7,1418.35
13/06/2025,227,0.672305508,0.632255508,0.712355508,0.746150726,0.688936441,0.803365012,74.61507262,68.89364405,80.33650119,Grain Filling,29/10/2024,09/08/2025,21.1,12.6,28.2,0,49,1021.7,11.3,24,20.4,1438.75
14/06/2025,228,0.678021432,0.637971432,0.718071432,0.754316331,0.697102046,0.811530617,75.43163313,69.71020456,81.15306171,Grain Filling,29/10/2024,09/08/2025,23.6,15.4,31.9,0,49,1019.9,8.6,34,23.65,1462.4
15/06/2025,229,0.685953237,0.645903237,0.726003237,0.765647481,0.708433195,0.822861767,76.56474811,70.84331954,82.28617668,Grain Filling,29/10/2024,09/08/2025,21.1,16.2,27.5,17.1,78,1019.2,8.1,73,21.85,1484.25
16/06/2025,230,0.694464097,0.654414097,0.734514097,0.777805853,0.720591567,0.835020139,77.7805853,72.05915673,83.50201387,Grain Filling,29/10/2024,09/08/2025,16.7,13.4,20.6,1.7,73,1025.7,12.5,62,17,1501.25
17/06/2025,231,0.700443268,0.660393268,0.740493268,0.786347526,0.72913324,0.843561812,78.6347526,72.91332402,84.35618117,Grain Filling,29/10/2024,09/08/2025,17.8,10.5,23.7,0,64,1025.6,5.8,23,17.1,1518.35
18/06/2025,232,0.702528885,0.662478885,0.742578885,0.789326978,0.732112693,0.846541264,78.93269784,73.21126927,84.65412641,Grain Filling,29/10/2024,09/08/2025,20,11.7,26.6,0,60,1022.7,6.2,47,19.15,1537.5
19/06/2025,233,0.701732541,0.661682541,0.741782541,0.788189344,0.730975058,0.84540363,78.8189344,73.09750583,84.54036297,Grain Filling,29/10/2024,09/08/2025,20.9,14.2,26.3,0,56,1022.8,10.7,1,20.25,1557.75
20/06/2025,234,0.699410408,0.659360408,0.739460408,0.784872011,0.727657725,0.842086297,78.4872011,72.76577253,84.20862967,Grain Filling,29/10/2024,09/08/2025,19.2,12.4,25.3,0,47,1024,9.9,1,18.85,1576.6
21/06/2025,235,0.696052383,0.656002383,0.736102383,0.780074832,0.722860546,0.837289118,78.00748322,72.28605465,83.72891179,Grain Filling,29/10/2024,09/08/2025,20.3,12.2,27,0,45,1022,9,0,19.6,1596.2
22/06/2025,236,0.691283289,0.651233289,0.731333289,0.773261842,0.716047556,0.830476127,77.32618416,71.60475559,83.04761273,Grain Filling,29/10/2024,09/08/2025,22.9,12.7,30.7,0,43,1018.1,9,22,21.7,1617.9
23/06/2025,237,0.684509056,0.644459056,0.724559056,0.763584365,0.70637008,0.820798651,76.35843654,70.63700797,82.07986512,Grain Filling,29/10/2024,09/08/2025,22.3,18.1,28.2,1.4,57,1013.8,19,73,23.15,1641.05
24/06/2025,238,0.67684684,0.63679684,0.71689684,0.752638343,0.695424057,0.809852628,75.26383426,69.54240569,80.98526283,Grain Filling,29/10/2024,09/08/2025,20.7,14.5,26.1,0,51,1015.5,16.8,8,20.3,1661.35
25/06/2025,239,0.671996688,0.631946688,0.712046688,0.745709554,0.688495268,0.802923839,74.57095537,68.8495268,80.29238394,Grain Filling,29/10/2024,09/08/2025,24.3,17.4,30.5,0,47,1014.5,11.6,8,23.95,1685.3
26/06/2025,240,0.672156043,0.632106043,0.712206043,0.745937205,0.688722919,0.80315149,74.59372048,68.87229191,80.31514905,Grain Filling,29/10/2024,09/08/2025,22.3,17.7,29.1,3.7,62,1015.2,10.9,72,23.4,1708.7
27/06/2025,241,0.67442494,0.63437494,0.71447494,0.749178485,0.6919642,0.806392771,74.91784854,69.19641997,80.63927711,Grain Filling,29/10/2024,09/08/2025,19.9,16.5,23.1,2,76,1022.8,14.7,60,19.8,1728.5
28/06/2025,242,0.674057823,0.634007823,0.714107823,0.748654033,0.691439748,0.805868319,74.86540333,69.14397476,80.5868319,Grain Filling,29/10/2024,09/08/2025,22.5,15.8,28.4,0,64,1025.2,9.8,21,22.1,1750.6
29/06/2025,243,0.668059801,0.628009801,0.708109801,0.74008543,0.682871144,0.797299715,74.00854295,68.28711438,79.72997152,Grain Filling,29/10/2024,09/08/2025,24,15.9,30.4,0,58,1022.8,7.6,3,23.15,1773.75
30/06/2025,244,0.655653785,0.615603785,0.695703785,0.72236255,0.665148265,0.779576836,72.23625503,66.51482646,77.9576836,Grain Filling,29/10/2024,09/08/2025,24.9,18,31,0,52,1019.5,8,16,24.5,1798.25
01/07/2025,245,0.639360017,0.599310017,0.679410017,0.699085738,0.641871452,0.756300024,69.9085738,64.18714522,75.63000237,Maturity,29/10/2024,09/08/2025,25.5,17.4,32,0,47,1017.4,6.7,17,24.7,1822.95
02/07/2025,246,0.623879286,0.583829286,0.663929286,0.676970408,0.619756122,0.734184694,67.69704081,61.97561224,73.41846938,Maturity,29/10/2024,09/08/2025,26.8,17.8,33.5,0,45,1015.7,6.5,0,25.65,1848.6
03/07/2025,247,0.611610579,0.571560579,0.651660579,0.659443684,0.602229399,0.71665797,65.94436842,60.22293985,71.66579699,Maturity,29/10/2024,09/08/2025,22.5,18.2,26.5,0.8,60,1020.8,12,39,22.35,1870.95
04/07/2025,248,0.601136624,0.561086624,0.641186624,0.644480891,0.587266606,0.701695177,64.44808913,58.72666056,70.1695177,Maturity,29/10/2024,09/08/2025,20.6,15.1,25.7,0,54,1023.9,7.8,14,20.4,1891.35
05/07/2025,249,0.589217674,0.549167674,0.629267674,0.627453821,0.570239535,0.684668106,62.74538206,57.02395349,68.46681063,Maturity,29/10/2024,09/08/2025,21.9,13.7,28.4,0,42,1017.2,8.2,61,21.05,1912.4
06/07/2025,250,0.57313382,0.53308382,0.61318382,0.604476885,0.5472626,0.661691171,60.44768855,54.72625997,66.16911712,Maturity,29/10/2024,09/08/2025,20.7,16.3,25.7,0,43,1010.5,9.8,99,21,1933.4
07/07/2025,251,0.555369818,0.515319818,0.595419818,0.57909974,0.521885454,0.636314026,57.909974,52.18854543,63.63140257,Maturity,29/10/2024,09/08/2025,17.1,13.3,20.5,3.3,69,1006,15.5,87,16.9,1950.3
08/07/2025,252,0.545787574,0.505737574,0.585837574,0.56541082,0.508196535,0.622625106,56.54108204,50.81965346,62.26251061,Maturity,29/10/2024,09/08/2025,14.2,12,16.8,2.2,70,1012.5,15.9,76,14.4,1964.7
09/07/2025,253,0.550797696,0.510747696,0.590847696,0.572568137,0.515353851,0.629782423,57.25681368,51.53538511,62.97824225,Maturity,29/10/2024,09/08/2025,14.6,9.9,18.5,0.5,68,1020.4,15.3,40,14.2,1978.9
10/07/2025,254,0.563800545,0.523750545,0.603850545,0.591143636,0.53392935,0.648357922,59.11436358,53.39293501,64.83579215,Maturity,29/10/2024,09/08/2025,17.4,10.9,23,0,57,1020.7,9.8,43,16.95,1995.85
11/07/2025,255,0.574797324,0.534747324,0.614847324,0.606853319,0.549639034,0.664067605,60.68533195,54.96390338,66.40676052,Harvest,29/10/2024,09/08/2025,18.2,13.4,23.1,0.5,58,1016.9,10.1,66,18.25,2014.1
12/07/2025,256,0.581068437,0.541018437,0.621118437,0.615812054,0.558597768,0.673026339,61.58120535,55.85977678,67.30263392,Unknown,29/10/2024,09/08/2025,18.5,13.6,22.9,0.2,58,1013,9.3,67,18.25,2032.35
13/07/2025,257,0.584514034,0.544464034,0.624564034,0.620734334,0.563520049,0.67794862,62.07343344,56.35200487,67.79486202,Unknown,29/10/2024,09/08/2025,19.9,13.6,26.7,0.8,58,1011.6,8.5,54,20.15,2052.5
14/07/2025,258,0.586709105,0.546659105,0.626759105,0.62387015,0.566655864,0.681084436,62.38701499,56.66558642,68.10844356,Unknown,29/10/2024,09/08/2025,19.2,15.7,23.7,9.4,76,1016.5,13.4,60,19.7,2072.2
15/07/2025,259,0.588166337,0.548116337,0.628216337,0.625951909,0.568737624,0.683166195,62.59519093,56.87376236,68.3166195,Unknown,29/10/2024,09/08/2025,19,15.2,23.5,1,72,1018.3,12.1,58,19.35,2091.55
16/07/2025,260,0.589003711,0.548953711,0.629053711,0.627148158,0.569933872,0.684362444,62.71481581,56.99338723,68.43624438,Unknown,29/10/2024,09/08/2025,16.2,12.8,20.9,8.7,73,1016,16,76,16.85,2108.4
17/07/2025,261,0.589271746,0.549221746,0.629321746,0.627531066,0.57031678,0.684745352,62.75310659,57.03167801,68.47453516,Unknown,29/10/2024,09/08/2025,15.9,11.7,19.8,0.6,75,1017,14.5,57,15.75,2124.15
18/07/2025,262,0.589015901,0.548965901,0.629065901,0.627165573,0.569951287,0.684379859,62.7165573,56.99512872,68.43798587,Unknown,29/10/2024,09/08/2025,18.6,11.9,24.6,0,65,1014.9,8,45,18.25,2142.4
19/07/2025,263,0.588299324,0.548249324,0.628349324,0.626141891,0.568927605,0.683356177,62.61418909,56.89276052,68.33561766,Unknown,29/10/2024,09/08/2025,21.7,12.8,29.1,0,60,1010.7,7.4,52,20.95,2163.35
20/07/2025,264,0.587210496,0.547160496,0.627260496,0.624586423,0.567372138,0.681800709,62.45864234,56.73721377,68.18007091,Unknown,29/10/2024,09/08/2025,22.6,14.7,29.7,3.7,64,1007.5,6,76,22.2,2185.55
21/07/2025,265,0.585819417,0.545769417,0.625869417,0.622599168,0.565384882,0.679813453,62.25991677,56.5384882,67.98134534,Unknown,29/10/2024,09/08/2025,17.8,15.8,21.1,7.3,85,1008.3,10.5,77,18.45,2204
22/07/2025,266,0.584132775,0.544082775,0.624182775,0.620189679,0.562975393,0.677403965,62.01896791,56.29753933,67.74039648,Unknown,29/10/2024,09/08/2025,16.8,14.7,19.7,8.4,79,1012.4,18.1,51,17.2,2221.2
23/07/2025,267,0.582201715,0.542151715,0.622251715,0.617431021,0.560216735,0.674645307,61.74310209,56.02167352,67.46453066,Unknown,29/10/2024,09/08/2025,17.7,12.9,22,0,69,1014.1,10.6,44,17.45,2238.65
24/07/2025,268,0.580113476,0.540063476,0.620163476,0.614447823,0.557233537,0.671662109,61.4447823,55.72335373,67.16621087,Unknown,29/10/2024,09/08/2025,16.7,13.9,21.2,3.5,83,1013.7,4.3,86,17.55,2256.2
25/07/2025,269,0.577229816,0.537179816,0.617279816,0.610328309,0.553114023,0.667542595,61.03283088,55.31140231,66.75425945,Unknown,29/10/2024,09/08/2025,17.7,13,22.1,2,83,1015.6,5.6,89,17.55,2273.75
26/07/2025,270,0.571508716,0.531458716,0.611558716,0.602155308,0.544941023,0.659369594,60.21553082,54.49410225,65.9369594,Unknown,29/10/2024,09/08/2025,16.9,12.7,21.8,5.5,88,1015.2,7,80,17.25,2291
27/07/2025,271,0.560909997,0.520859997,0.600959997,0.587014282,0.529799996,0.644228567,58.70142817,52.9799996,64.42285674,Unknown,29/10/2024,09/08/2025,16.7,14.3,20.6,6.1,88,1013.1,10.7,93,17.45,2308.45
28/07/2025,272,0.545529464,0.505479464,0.585579464,0.565042091,0.507827806,0.622256377,56.50420913,50.78278056,62.2256377,Unknown,29/10/2024,09/08/2025,15.4,13.4,18.6,5.7,81,1013.4,14.2,95,16,2324.45
29/07/2025,273,0.527165353,0.487115353,0.567215353,0.538807647,0.481593361,0.596021933,53.88076471,48.15933614,59.60219328,Unknown,29/10/2024,09/08/2025,15.3,11.6,19.4,0.8,77,1018,11.8,57,15.5,2339.95
30/07/2025,274,0.507401091,0.467351091,0.547451091,0.510572988,0.453358702,0.567787273,51.05729876,45.33587019,56.77872733,Unknown,29/10/2024,09/08/2025,14.4,12.8,17.3,7.9,86,1017.4,12.2,88,15.05,2355
31/07/2025,275,0.486934047,0.446884047,0.526984047,0.481334353,0.424120068,0.538548639,48.13343534,42.41200677,53.85486391,Unknown,29/10/2024,09/08/2025,16,12.1,20.3,0.7,78,1016.9,13.2,78,16.2,2371.2
01/08/2025,276,0.465967398,0.425917398,0.506017398,0.451381998,0.394167712,0.508596283,45.13819977,39.4167712,50.85962834,Unknown,29/10/2024,09/08/2025,16.1,13.9,19.8,8.7,86,1012.8,12.7,92,16.85,2388.05
02/08/2025,277,0.444566846,0.404516846,0.484616846,0.42080978,0.363595494,0.478024066,42.080978,36.35954943,47.80240657,Unknown,29/10/2024,09/08/2025,15.2,13.3,18.6,2.4,85,1013.3,8.8,100,15.95,2404
03/08/2025,278,0.422774102,0.382724102,0.462824102,0.389677289,0.332463003,0.446891575,38.9677289,33.24630033,44.68915747,Unknown,29/10/2024,09/08/2025,13.7,11.5,16.9,1.8,84,1019.6,11.7,83,14.2,2418.2
04/08/2025,279,0.400627626,0.360577626,0.440677626,0.358039466,0.30082518,0.415253752,35.8039466,30.08251803,41.52537517,Unknown,29/10/2024,09/08/2025,14.4,11,18.8,4.3,87,1020.9,13.2,87,14.9,2433.1
05/08/2025,280,0.37818524,0.33813524,0.41823524,0.325978914,0.268764628,0.3831932,32.59789139,26.87646282,38.31931996,Unknown,29/10/2024,09/08/2025,17.8,14,23.4,2.7,80,1019.1,12.6,44,18.7,2451.8
06/08/2025,281,0.35565557,0.31560557,0.39570557,0.293793672,0.236579386,0.351007957,29.37936718,23.65793861,35.10079575,Unknown,29/10/2024,09/08/2025,15.4,10.4,20.3,0,65,1024.6,5.9,53,15.35,2467.15
07/08/2025,282,0.333895077,0.293845077,0.373945077,0.262707253,0.205492967,0.319921539,26.27072528,20.54929671,31.99215385,Unknown,29/10/2024,09/08/2025,17.3,9.7,24.1,0,66,1019.6,4.6,53,16.9,2484.05
08/08/2025,283,0.315339062,0.275289062,0.355389062,0.23619866,0.178984374,0.293412945,23.61986596,17.89843739,29.34129454,Unknown,29/10/2024,09/08/2025,20.5,12.3,28.3,0,62,1019.5,7,3,20.3,2504.35
09/08/2025,284,0.304200052,0.264150052,0.344250052,0.220285789,0.163071504,0.277500075,22.02857893,16.30715036,27.7500075,Unknown,29/10/2024,09/08/2025,22.7,14.7,30.9,0,57,1019.9,6.4,44,22.8,2527.15
